{
  "tool": "arrow",
  "text": [
    {
      "text": "Стрелы - смертельные снаряды, выпускаемые из лука. Стрелы инженера имеют множество использований и могут быть подняты."
    },
    {
      "text": "\n"
    },
    {
      "text": "Наносимый урон зависит как от лука, так и от стрел. В зависимости от материалов могут меняться характеристики стрел."
    }
  ],
  "properties": [
    "Амуниция для лука",
    "Могут быть подняты",
    "В одной пачке много стрел"
  ]
}