{
  "tool": "bolt",
  "text": [
    {
      "text": "Болт - тяжёлый бронебойный снаряд. Будучи выпущенным из арбалета, он наносит большой урон, игнорируя половину очков защиты противника."
    },
    {
      "text": "\n"
    },
    {
      "text": "Наносимый урон зависит как от арбалета, так и от болтов. Всё сказано на странице Создания болтов."
    }
  ],
  "properties": [
    "Аммуниция для арбалетов",
    "50% пробитие брони",
    "Могут быть подняты",
    "В одной пачке много болтов"
  ]
}