{
  "tool": "broadsword",
  "text": [
    {
      "text": "Палаш - универсальное оружие. У него средний урон, он отбрасывает врагов широкими взмахами, будучи взятым только в одну руку."
    },
    {
      "text": "\n"
    },
    {
      "text": "Совместим с любыми одноручными инструментами."
    }
  ],
  "properties": [
    "Средний урон",
    "Широкий взмах",
    "Можно брать в левую руку"
  ]
}