{
  "tool": "frypan",
  "text": [
    {
      "text": "Сковорода - тяжёлое оружие, благодаря своему весу способное сильно отбрасывать врагов."
    },
    {
      "text": "\n"
    },
    {
      "text": "Зажатие ПКМ заряжает сильный удар, наносящий дополнитльный урон, отбрасывающий врагов и жарящий их остатки."
    }
  ],
  "properties": [
    "Средний урон",
    "Изначальное отбрасывание",
    "ПКМ: заряженный удар",
    "Заряженный удар жарит остатки",
    "Только для правой руки"
  ]
}