{
  "tool": "mattock",
  "text": [
    {
      "text": "Мотыготопор - универсальный фермерский инструмент. Эффективен на дереве, земле и растениях."
    },
    {
      "text": "\n"
    },
    {
      "text": "Может вспахивать землю и наносить средний урон в бою."
    }
  ],
  "properties": [
    "Как мотыга",
    "Вспахивает землю",
    "Эффективен на дереве и земле"
  ]
}