{
  "tool": "scythe",
  "text": [
    {
      "text": "Коса - большое оружие и инструмент. Эффективна на растениях и на толпе врагов."
    },
    {
      "text": "\n"
    },
    {
      "text": "ПКМ на растениях или тростнике собирает и пересаживает все выросшие растения в большой области."
    }
  ],
  "properties": [
    "Нужна кузня",
    "Атака по области",
    "3x3 сбор растений",
    "Эффективна на растениях",
    "ПКМ: Пересадка в области"
  ]
}