{
  "tool": "shortbow",
  "text": [
    {
      "text": "Короткий лук - быстрое и удобное оружие для дальнего боя. Стреляет быстрее, чем его обычный собрат и позволяет быстрее перемещаться, хотя наносит меньше урона."
    },
    {
      "text": "\n"
    },
    {
      "text": "Если Вы хотите утыкать врагов стрелами, то короткий лук - для Вас."
    }
  ],
  "properties": [
    "Быстрый и мобильный",
    "Использует стрелы инженера",
    "Может использовать обычные стрелы",
    "Но они менее эффективны"
  ]
}