{
  "tool": "shovel",
  "text": [
    {
      "text": "Лопата - точный инструмент копки. Эффективна на земле, песке, гравии, снеге."
    },
    {
      "text": "\n"
    },
    {
      "text": "ПКМ на блоке травы превращает его в тропинку."
    }
  ],
  "properties": [
    "Начальный инструмент добычи",
    "Эффективна на земле, гравии, снеге",
    "Может делать тропинки"
  ]
}