{
  "armormodifier": "fire_resistant_armor",
  "text": [
    {
      "text": "갑옷을 내화제로 코팅하면 당신은 더 이상 불에타지 않을것입니다."
    },
    {
      "text": "\n"
    },
    {
      "text": "그저 과학일뿐"
    }
  ],
  "effects": [
    "불 또는 용암의 피해감소",
    "오직 1개의 모디파이어만 사용",
    "다른 저항과 함께 사용불가",
    "다중 레벨"
  ],
  "demoArmor": [
    "conarm:helmet",
    "conarm:chestplate",
    "conarm:leggings",
    "conarm:boots"
  ]
}