{
  "armormodifier": "polished_armor",
  "text": [
    {
      "text": "모든 갑옷은 손질을 잘해야합니다. 녹이스는건 보고 싶지 않겠죠?"
    },
    {
      "text": "\n"
    },
    {
      "text": "갑옷에 사용된 재료와 동일한 강인함까지 끌어올립니다."
    }
  ],
  "effects": [
    "강인함 증가",
    "강인함은 사용된 재료에 따라 다릅니다",
    "모디파이어를 소비하지 않습니다. "
  ],
  "demoArmor": [
    "conarm:chestplate"
  ]
}