{
  "armormodifier": "telekinetic_armor",
  "text": [
    {
      "text": "이 원거리의 건틀렛은 당신에게 마☆법의 힘을 줄것입니다."
    },
    {
      "text": "\n"
    },
    {
      "text": "구체적으로, 여러분은 더욱 먼 곳까지 손을 뻗을수 있다는거에요."
    }
  ],
  "effects": [
    "사거리 증가",
    "갑옷에만 적용 가능",
    "힘 또는 민첩과 함께 사용불가",
    "일회용"
  ],
  "demoArmor": [
    "conarm:chestplate"
  ]
}