{
  "armormodifier": "projectile_resistant_armor",
  "text": [
    {
      "text": "Attaching some more aerodynamic plating to your armor should allow you to reduce projectile damage."
    },
    {
      "text": "\n"
    },
    {
      "text": "Trust us on this one."
    }
  ],
  "effects": [
    "Reduces damage from projectiles",
    "Requires only 1 modifier",
    "Not compatible with other resists",
    "Multiple levels"
  ],
  "demoArmor": [
    "conarm:helmet",
    "conarm:chestplate",
    "conarm:leggings",
    "conarm:boots"
  ]
}