{
  "modifier": "extratrait",
  "text": [
    {
      "text": "道具の部品を持ち、道具にエンボスしよう！これは道具の部品を置き換えるようなものですが、より良い。道具は、元のヘッド部の素材の能力に加えて、エンボスした素材の能力も得ます。"
    }
  ],
  "effects": [
    "別の部品の能力を加える",
    "追加される能力は、追加する部品に付いている能力と同じ",
    "エンボスは最終的なもので変更はできません",
    "改造スロット不要"
  ],
  "demoTool": [
    "tconstruct:pickaxe"
  ]
}
