
{
  "modifier": "silktouch",
  "text": [
    {
      "text": "金とたくさんの糸で包まれた大きな宝石を加えると、道具に絹のような滑らかな特性を与えるようです。"
    },
    { "text": "\n" },
    { "text": "それがバターではないと信じられない！" }
  ],
  "effects": [
    "ブロックをそのまま回収できる",
    "運、自動精錬と一緒には付けられません",
    "単一レベル"
  ],
  "demoTool": [
    "tconstruct:pickaxe",
    "tconstruct:hammer"
  ]
}
