{
  "modifier": "haste",
  "text": [
    {
      "text": "När redstone läggs till på ett verktyg verkar det öka hastigheten. Den ökade grävhastigheten som redstone ger är mer potent på långsammare verktyg."
    },
    {
      "text": "\n"
    },
    {
      "text": "Redstone. Galet, eller hur?"
    }
  ],
  "effects": [
    "Varje redstonedamm ökar grävhastigheten lite grann",
    "Ökar attackhastighet",
    "Flera nivåer"
  ],
  "demoTool": [
    "tconstruct:pickaxe",
    "tconstruct:broadsword",
    "tconstruct:shortbow"
  ]
}