{
  "title":"Willkommen",
  "text": [
    {
      "text": "Willkommen im Rüstungsnachtrag von Materialien und Du."
    },
    {
      "text": "Wenn du das liest, bedeutet das, dass du ein unerschrockener Bastler sein musst, der in die Welt der Rüstungen eintauchen möchte. Dieser Leitfaden wird dir auf deiner Reise helfen, die perfekte Rüstung herzustellen. Hier findest du Informationen über die benötigten Basteltische und darüber, wie sich verschiedene Materialien und Gegenstände auf das Resultat deiner Rüstung auswirken können.",
      "paragraph": true
    },
    {
      "text": "Außer dieser Grundlagen liegt der Rest bei dir. Viel Spaß beim Basteln!",
      "paragraph": true
    }
  ]
}
