{
  "tool": "frypan",
  "text": [
    {
      "text": "煎锅是一个笨重的武器，利用自身绝对的重量来打击敌人。它天生拥有击退属性"
    },
    {
      "text": "\n"
    },
    {
      "text": "摁下右键蓄力，蓄的力是如此的强大，以至于能直接造成巨大的伤害并击飞敌人，顺带烧制所有的掉落物"
    }
  ],
  "properties": [
    "中等伤害",
    "击退属性",
    "右键：蓄力",
    "蓄力能烧制掉落的食物",
    "副手不能用"
  ]
}