{
  "title":"Потерянные страницы",
  "text": [
    {
      "text": "Добро пожаловать во второе издание 'Материалы и Вы': Выживание с первого дня. К несчастью, некоторые страницы были потеряны!"
    },
    {
      "text": "Эта книга пока не закончена, но содержит информацию обо всех инструментах и улучшениях. Дальше будет больше информации, так что проверяйте у издателя!",
      "paragraph": true
    },
    {
      "text": "А, и если Вы задумались о меди, алюминии и прочих материалах - теперь добавляется только кобальт и ардит, но мод поддерживает ранее озвученные материалы из других модов.",
      "paragraph": true
    }
  ]
}