{
    "forge_marker": 1,
    "defaults": {
        "transform": "forge:default-block",
        "model": "half_slab",
        "textures": {
            "bottom": "#all",
            "top": "#all",
            "side": "#all",
            "particle": "#all"
        }
    },
    "variants": {
        "type": {
            "brick_triangle": {
                "textures": { "all": "tconstruct:blocks/brownstone/brick_triangle" }
            },
            "brick_small": {
                "textures": { "all": "tconstruct:blocks/brownstone/brick_small" }
            },
            "tile": {
                "textures": { "all": "tconstruct:blocks/brownstone/tile" }
            },
            "creeper": {
                "textures": {
                    "side": "tconstruct:blocks/brownstone/creeper",
                    "particle": "#side",
                    "top": "tconstruct:blocks/brownstone/paver",
                    "bottom": "#top"
                }
            }
        },
        "half": {
            "bottom": {},
            "top": {
                "model": "upper_slab"
            }
        }
    }
}