{
    "forge_marker": 1,
    "defaults": {
        "transform": "forge:default-block",
        "model": "half_slab",
        "textures": {
            "bottom": "#all",
            "top": "#all",
            "side": "#all",
            "particle": "#all"
        }
    },
    "variants": {
        "type": {
            "lavawood": {
                "textures": {
                    "all": "tconstruct:blocks/lavawood"
                }
            },
            "firewood": {
                "textures": {
                    "all": "tconstruct:blocks/firewood"
                }
            }
        },
        "half": {
            "bottom": {},
            "top": {
                "model": "upper_slab"
            }
        }
    }
}