{
    "forge_marker": 1,
    "defaults": {
        "transform": "forge:default-block",
        "model": "cube_all",
        "textures": {
            "all": "tconstruct:blocks/smeltery/seared_brick",
            "particle": "#all"
        }
    },
	"variants": {
        "type": {
            "stone": {
                "textures": { "all": "tconstruct:blocks/smeltery/seared_stone" }
            },
            "cobble": {
                "textures": { "all": "tconstruct:blocks/smeltery/seared_cobble" }
            },
            "paver": {
                "textures": { "all": "tconstruct:blocks/smeltery/seared_paver" }
            },
            "brick": {
                "textures": { "all": "tconstruct:blocks/smeltery/seared_brick" }
            },
            "brick_cracked": {
                "textures": { "all": "tconstruct:blocks/smeltery/seared_brick_cracked" }
            },
            "brick_fancy": {
                "textures": { "all": "tconstruct:blocks/smeltery/seared_brick_fancy" }
            },
            "brick_square": {
                "textures": { "all": "tconstruct:blocks/smeltery/seared_brick_square" }
            },
            "brick_triangle": {
                "textures": { "all": "tconstruct:blocks/smeltery/seared_brick_triangle" }
            },
            "brick_small": {
                "textures": { "all": "tconstruct:blocks/smeltery/seared_brick_small" }
            },
            "road": {
                "textures": { "all": "tconstruct:blocks/smeltery/seared_road" }
            },
            "tile": {
                "textures": { "all": "tconstruct:blocks/smeltery/seared_tile" }
            },
            "creeper": {
                "model": "cube_bottom_top",
                "textures": {
                    "side": "tconstruct:blocks/smeltery/seared_creeper",
                    "particle": "#side",
                    "top": "tconstruct:blocks/smeltery/seared_paver",
                    "bottom": "#top"
                }
            }
        }
    }
}