{
  "forge_marker": 1,
  "defaults": {
    "transform": "forge:default-block",
    "model": "cube_all"
  },
 "variants": {
    "type": {
      "green": {
        "textures": {
          "all": "tconstruct:blocks/slime/slimeblock_green",
          "particle": "#all"
        }
      },
      "blue": {
        "textures": {
          "all": "tconstruct:blocks/slime/slimeblock_blue",
          "particle": "#all"
        }
      },
      "purple": {
        "textures": {
          "all": "tconstruct:blocks/slime/slimeblock_purple",
          "particle": "#all"
        }
      },
      "blood": {
        "textures": {
          "all": "tconstruct:blocks/slime/slimeblock_blood",
          "particle": "#all"
        }
      },
      "pink": {
        "textures": {
          "all": "tconstruct:blocks/slime/slimeblock_pink",
          "particle": "#all"
        }
      },
      "magma": {
        "textures": {
          "all": "tconstruct:blocks/slime/slimeblock_magma",
          "particle": "#all"
        }
      }
    }
  }
}