{
  "title": "방어구 스테이션 & 포지",
  "text": [
    {
      "text": "갑옷 부품을 제작하려면 두가지 새로운 형태의 팅커테이블을 만들어야합니다. 바로 방어구 스테이션과 방어구 포지입니다."
    },
    {
      "text": "방어구 스테이션은 가장 기초적인 갑옷 제작 테이블입니다. 갑옷을 제작, 수리, 부품을 교체할순 있지만 모디파이어를 사용할순 없습니다.",
      "paragraph": true
    },
    {
      "text": "아머 포지는 업그레이드된 아머 스테이션으로, 마침내 더 큰 힘을 위해 갑옷의 모디파이어를 사용할수 있게됬습니다..",
      "paragraph": true
    }
  ]
}