{
  "title": "수리",
  "image": {
    "file": "conarm:textures/gui/book/repair.png",
    "width": 136,
    "height": 70
  },
  "text": [
    {
      "text": "도구들을 수리하는 방법을 기억하세요? 갑옷도 마찬가지입니다. 갑옷부품을 방어구 스테이션/포지에 넣거나 갑옷의 핵에 해당하는 아이템을 추가하면 됩니다."
    },
    {
      "text": "이동중에도 수리하려면 도구 연마키트처럼 방어구 연마키트를 사용하십시오.",
      "paragraph": true
    }
  ]
}