{
  "armormodifier": "travel_slowfall_armor",
  "text": [
    {
      "text": "당신의 망토를 공기역학적으로 만들면 당신이 더욱 느리게 떨어져 충격을 완화시키는데 도움이 될것입니다."
    }
  ],
  "effects": [
    "착용자가 느리게 떨어져 낙하대미지를 받지 않음",
    "키를 누를시 저속하강 활성화",
    "저속하강 활성화시 내구도 소모",
    "아이템당 액세서리 1개만 사용가능"
  ],
  "demoArmor": [
    "conarm:chestplate"
  ]
}