{
  "armormodifier": "night_vision_armor",
  "text": [
    {
      "text": "저 아이템들로 고글에 모디파이어를 붙이면 확대/축소 대신 야간투시를 사용할 수 있습니다."
    },
    {
      "text": "\n"
    },
    {
      "text": "이 고글을 착용하는 동안 가장 어두운곳도 밝게 볼 수 있습니다."
    }
  ],
  "effects": [
    "착용자에게 야간투시를 부여합니다.",
    "키누를시 야간투시 활성화",
    "야간투시를 활성화시 내구도 소모",
    "아이템당 액세서리 1개만 사용가능"
  ],
  "demoArmor": [
    "conarm:helmet"
  ]
}