{
  "armormodifier": "resistant_armor",
  "text": [
    {
      "text": "采用黑曜石作为涂层涂抹在护甲上将使护甲更具防护能力，虽然这非常艰难。"
    },
    {
      "text": "\n"
    },
    {
      "text": "但却有助于抵御各种伤害。"
    }
  ],
  "effects": [
    "提供保护效果",
    "只需要一个强化槽",
    "与其他保护冲突",
    "多个等级"
  ],
  "demoArmor": [
    "conarm:helmet",
    "conarm:chestplate",
    "conarm:leggings",
    "conarm:boots"
  ]
}
