{
  "title":"",
  "text": [
    {
      "text": "乾式製錬炉は、縦横が3x3から11x11まで任意のサイズが可能で、高さは2以上であれば任意の高さにできます。構造が大きくなると、一度に溶融できるアイテムの数と保持できる液体の容量の両方が増加します。乾式製錬炉には床が必要ですが、天井と枠部分は必要ありません。"
    },
    {
      "text": "乾式製錬炉は、焼成ブロック(焼成石及びそのバリエーション)、焼成ガラス、焼成タンク、製錬炉排液口の任意の組み合わせで構築できますが、床は焼成ブロックである必要があります。また、燃料を入れるためにタンクが最低でも1つ必要ですが、タンクが増えると格納できる燃料が増えます。鋳造台や鋳造鉢に液体を流すために、製錬炉排液口に水栓を取り付けることができます。また、他のmodの液体パイプを使って液体を出し入れすることもできます。",
	  "paragraph": true
    }
  ]
}