{
  "title":"",
  "text": [
    {
      "text": "Печь из сушёного камня может быть любых размеров от 3х3 до 11x11, причём, чем больше, тем вместимее печь. Для полной структуры нужны 'пол', 'потолок' и стены с углами."
    },
    {
      "text": "Достаточно только одного контроллера, резервуара и любых сушёных камней. Хотя бы один резервуар для топлива должен располагаться в любом из углов печи (как на картинке). Потолок может быть собран из плит или ступеней, но может быть собран и из других сушёных камней.",
	  "paragraph": true
    }
  ]
}
