{
  "textures": {
    "speedy_armor": "models/modifiers/mod_speedy_armor",
    "diamond_armor": "models/modifiers/mod_diamond_armor",
    "emerald_armor": "models/modifiers/mod_emerald_armor",
    "blast_resistant_armor": "models/modifiers/mod_blast_resistant_armor",
    "projectile_resistant_armor": "models/modifiers/mod_projectile_resistant_armor",
    "fire_resistant_armor": "models/modifiers/mod_fire_resistant_armor",
    "resistant_armor": "models/modifiers/mod_resistant_armor",
    "soulbound_armor": "models/modifiers/mod_soulbound_armor",
    "parasitic_armor": "models/modifiers/mod_parasitic_armor",
    "mending_armor": "models/modifiers/mod_mending_armor",
    "polished_armor": "models/modifiers/mod_polished_armor",
    "reinforced_armor": "models/modifiers/mod_reinforced_armor",
    "amphibious_armor": "models/modifiers/mod_amphibious_armor",
    "frostwalker_armor": "models/modifiers/mod_frostwalker_armor",
    "high_stride_armor": "models/modifiers/mod_high_stride_armor",
    "shulkerweight_armor": "models/modifiers/mod_shulkerweight_armor",
    "sticky_armor": "models/modifiers/mod_sticky_armor",
    "glowing_armor": "models/modifiers/mod_glowing_armor",
    "powerful_armor": "models/modifiers/mod_powerful_armor",
    "dexterous_armor": "models/modifiers/mod_dexterous_armor",
    "telekinetic_armor": "models/modifiers/mod_telekinetic_armor"
  }
}