[{
    "type": "armormodifier",
    "data": "modifiers/speedy.json"
  },
  {
    "type": "armormodifier",
    "data": "modifiers/resistant.json"
  },
  {
    "type": "armormodifier",
    "data": "modifiers/blast_resistant.json"
  },
  {
    "type": "armormodifier",
    "data": "modifiers/projectile_resistant.json"
  },
  {
    "type": "armormodifier",
    "data": "modifiers/fire_resistant.json"
  },
  {
    "type": "armormodifier",
    "data": "modifiers/diamond.json"
  },
  {
    "type": "armormodifier",
    "data": "modifiers/emerald.json"
  },
  {
    "type": "armormodifier",
    "data": "modifiers/parasitic.json"
  },
  {
    "type": "armormodifier",
    "data": "modifiers/reinforced.json"
  },
  {
    "type": "armormodifier",
    "data": "modifiers/mending_armor.json"
  },
  {
    "type": "armormodifier",
    "data": "modifiers/sticky_armor.json"
  },
  {
    "type": "armormodifier",
    "data": "modifiers/shulkerweight_armor.json"
  },
  {
    "type": "armormodifier",
    "data": "modifiers/soulbound_armor.json"
  },
  {
    "type": "armormodifier",
    "data": "modifiers/concealed_armor.json"
  },
  {
    "type": "armormodifier",
    "data": "modifiers/amphibious_armor.json"
  },
  {
    "type": "armormodifier",
    "data": "modifiers/powerful_armor.json"
  },
  {
    "type": "armormodifier",
    "data": "modifiers/dexterous_armor.json"
  },
  {
    "type": "armormodifier",
    "data": "modifiers/telekinetic_armor.json"
  },
  {
    "type": "armormodifier",
    "data": "modifiers/high_stride_armor.json"
  },
  {
    "type": "armormodifier",
    "data": "modifiers/frostwalker_armor.json"
  },
  {
    "type": "armormodifier",
    "data": "modifiers/glowing_armor.json"
  },
  {
    "type": "armormodifier_polished",
    "data": "modifiers/polished_armor.json"
  },
  {
    "type": "armormodifier",
    "data": "modifiers/extratrait_armor.json"
  }
]