{
  "tool": "hammer",
  "text": [
    {
      "text": "ハンマーは広範囲の採掘道具です。ブロックを広範囲に採掘することが出来、またアンデッドに効果的です。"
    },
    {
      "text": "\n"
    },
    {
      "text": "大規模な採掘や長距離の採掘に最適です。"
    }
  ],
  "properties": [
    "道具鍛冶台が必要",
    "高度な採掘道具",
    "3x3の範囲採掘",
    "石や鉱石に有効",
    "アンデッドに対して追加ダメージ"
  ]
}