{
  "tool": "hatchet",
  "text": [
    {
      "text": "ハチェットは基本的な伐採道具です。木や葉に有効です。耐久度を消費することなく葉を破壊できます。"
    },
    {
      "text": "\n"
    },
    {
      "text": "ハチェットで敵を攻撃すると、相手の盾を無効にすることができます。"
    }
  ],
  "properties": [
    "基本的な採掘道具",
    "木に有効",
    "葉を高速で破壊する",
    "葉に対して耐久度を使わない"
  ]
}