{
  "tool": "longbow",
  "text": [
    {
      "text": "ロングボウは、遠距離から敵を倒すのに最適な武器です。発射までの速度は遅めですが、強烈な一撃を放ちます。"
    },
    {
      "text": "\n"
    },
    {
      "text": "位置の優位性を活用するには最適なので、射撃で敵を釘付けにする必要があります。"
    }
  ],
  "properties": [
    "道具鍛冶台が必要",
    "Tinkers'の矢を用いる",
    "遅いが、攻撃は強い",
    "バニラの矢を使った場合は、やや攻撃力が落ちる"
  ]
}