{
  "title":"オフハンド採掘",
  "text": [
    {
      "text": "Tinkers'の道具は、メインハンドとオフハンドの両方でブロックを採掘することが出来ます。これを行うには、ブロックを採掘可能な道具をオフハンドに持ち、メインハンドに別の道具を持ちます。ブロックを採掘すると、効果的な道具が自動的に使用されるので、ブロックに近づいていつものように採掘してください。"
    }
  ],
  "image": {
    "file": "tconstruct:textures/gui/book/offhand.png",
    "width": 150,
    "height": 75
  }
}