{
  "title":"第一天的生存",
  "text": [
    {
      "text": "欢迎阅读再版的《匠魂宝典》：第一天的生存。这里将会指导你如何利用现有的材料完成工具制作的第一步。"
    },
    {
      "text": "\n"
    },
    {
      "text": "\n"
    },
    {
      "text": "这本书拥有魔法的力量，时不时会自动更新哦，记得偶尔检查一下有没有什么新东西"
    },
    {
      "text": "\n"
    },
    {
      "text": "\n"
    },
    {
      "text": "制作工具的第一步是先做一个空白模板，它现在虽然只是白板一个，但是一切都从这里开始"
    }
  ]
}