{
  "tool": "frypan",
  "text": [
    {
      "text": "§l프라이팬§r은 강력한 공격으로 적을 멀리 날려 보내는 무기입니다."
    },
    {
      "text": "\n"
    },
    {
      "text": "오른쪽 클릭을 유지해 기를 모아 적에게 가하면 강력한 피해와 넉백을 일으킵니다."
    }
  ],
  "properties": [
    "보통 수준의 공격 피해",
    "강력한 넉백",
    "오른쪽 클릭하여 강타",
    "강타 공격은 요리된 음식을 드롭함",
    "반대 손 사용 불가"
  ]
}