{
  "tool": "hammer",
  "text": [
    {
      "text": "§l망치§r는 암석을 광범위로 파괴할 수 있는 채굴 도구입니다. 언데드 몬스터에게 추가 데미지를 가합니다."
    },
    {
      "text": "\n"
    },
    {
      "text": "긴 시간에 걸친 광범위한 채굴에 효과적입니다."
    }
  ],
  "properties": [
    "도구 조립소 필요",
    "향상된 채굴 도구",
    "3x3 채굴",
    "돌과 광물 블록에 효과적",
    "언데드 몬스터에게 추가 피해"
  ]
}