{
  "tool": "rapier",
  "text": [
    {
      "text": "§l레이피어§r는 빠르게 적을 공격하는 무기입니다. 적의 방어구의 방어력 일부를 관통하여 데미지를 입힙니다."
    },
    {
      "text": "\n"
    },
    {
      "text": "오른쪽 클릭하면 뒤로 도약하여 공격을 회피합니다."
    }
  ],
  "properties": [
    "빠르지만 낮은 공격 피해",
    "50% 방어구 관통",
    "오른쪽 클릭하여 백스텝",
    "반대 손 사용불가"
  ]
}