{
  "tool": "scythe",
  "text": [
    {
      "text": "§l벌낫§r은 범위가 넓은 수확 도구입니다. 농작물을 넓은 범위로 수확할 수 있습니다."
    },
    {
      "text": "\n"
    },
    {
      "text": "농작물에 오른쪽 클릭하면 수확하고 그 자리에 같은 작물을 다시 심습니다."
    }
  ],
  "properties": [
    "도구 조립소 필요",
    "광역 공격",
    "3x3 농작물 수확",
    "농작물과 식물에 효과적",
    "오른쪽 클릭하여 넓은 범위의 농작물 수확"
  ]
}