{
  "title":"첫날 생존 가이드",
  "text": [
    {
      "text": "§l재료의 정석: 첫날 생존 가이드§r의 제2판입니다. 이 책에서는 재료를 도구로 만드는 방법에 대해 다룹니다."
    },
    {
      "text": "\n"
    },
    {
      "text": "\n"
    },
    {
      "text": "이 책은 원본이 바뀌면 사본도 자동으로 바뀌도록 마법이 부여되어 있습니다. 정보를 추가해 나가고 있으니 종종 다시 확인하시기 바랍니다."
    },
    {
      "text": "\n"
    },
    {
      "text": "\n"
    },
    {
      "text": "도구 제작의 첫 단계는 빈 틀을 만드는 것입니다. 이것은 모양을 찍어낼 수 있는 빈 판이며 앞으로의 제작에 기준이 됩니다."
    }
  ]
}