{
  "modifier": "bane_of_arthopods",
  "text": [
    {
      "text": "Атакуя паука глазами его собратьев, Вы нагоняете на него страх. Проблемы с насекомыми? Тогда мы идём к Вам."
    }
  ],
  "effects": [
    "Наносит большой урон паукам и чешуйницам",
    "Несколько уровней"
  ],
  "demoTool": [
    "tconstruct:broadsword",
    "tconstruct:hammer",
    "tconstruct:arrow"
  ]
}