{
  "modifier": "emerald",
  "text": [
    {
      "text": "Инкрустация слабой точки инструмента изумрудом делает его невероятно прочным и потрясающим. Жители могут положить глаз на Ваш инструмент. Осторожнее."
    }
  ],
  "effects": [
    "Дополнительные 50% прочности",
    "Уровень добычи повышается до Железа",
    "Одноразово",
    "Скандально!"
  ],
  "demoTool": [
    "tconstruct:pickaxe",
    "tconstruct:hammer",
    "tconstruct:cleaver"
  ]
}
