{
  "modifier": "fins",
  "text": [
    {
      "text": "Возьмем-ка рыбу... и натянем её на стрелу. Конечно же! Это позволяет плавать стрелам! Теперь я могу охотиться под водой!"
    }
  ],
  "effects": [
    "Снаряды игнорируют воду",
    "Л - Логика",
    "Однако понятно"
  ],
  "demoTool": [
    "tconstruct:arrow",
    "tconstruct:bolt",
    "tconstruct:shuriken"
  ]
}