{
  "modifier": "fortify",
  "text": [
    {
      "text": "Прочнее, лучше, быстрее, сильнее! Даёт инструменту уровень добычи оселка."
    }
  ],
  "effects": [
    "Увеличивает уровень добычи",
    "Уровень добычи зависит от оселка",
    "Может уменьшать уровень",
    "Не требуется слот модификации"
  ],
  "demoTool": [
    "tconstruct:pickaxe"
  ]
}