{
  "modifier": "luck",
  "text": [
    {
      "text": "Инкрустация инструмента лазуритом - это подарок богов Удачи. Они благословят Ваш инструмент удачей и фортуной."
    },
    {
      "text": "\n"
    },
    {
      "text": "Лучше всего инкрустировать снаряды."
    }
  ],
  "effects": [
    "Добавляет Удачу или Добычу",
    "При использовании инструмента может повыситься уровень удачи",
    "Добавление лазурита тратит только один слот",
    "Несовместимо с Шелковым касанием"
  ],
  "demoTool": [
    "tconstruct:pickaxe",
    "tconstruct:broadsword",
    "tconstruct:arrow"
  ]
}