{
  "modifier": "sharpness",
  "text": [
    {
      "text": "Вы можете использовать кварц как точило для лезвия. Чем больше кварца Вы потратите - тем больше урона будет наносить оружие. Работает и с дробящим."
    }
  ],
  "effects": [
    "Увеличивает урон",
    "Разные оружия затачиваются на разную величину",
    "Несколько уровней"
  ],
  "demoTool": [
    "tconstruct:broadsword",
    "tconstruct:cleaver",
    "tconstruct:arrow"
  ]
}