
{
  "modifier": "silktouch",
  "text": [
    {
      "text": "Добавление большого куска золота и ткани, судя по всему, даёт инструменту шелковистость."
    },
    { "text": "\n" },
    { "text": "Не могу поверить, что это не масло" }
  ],
  "effects": [
    "Добытые блоки выпадают в изначальной форме",
    "Несовместимо с удачей и автопереплавкой",
    "Одноразово"
  ],
  "demoTool": [
    "tconstruct:pickaxe",
    "tconstruct:hammer"
  ]
}