{
  "title":"",
  "text": [
    {
      "text": "Цистерна из сушёного камня может быть любых размеров от 3х3 до 11x11 и любой высоты больше 2. Причём, чем больше, тем вместимее плавильня. Для полной структуры нужны 'пол', 'потолок' и стены с углами."
    },
    {
      "text": "Цистерна может быть собрана из любой комбинации сушёных камней, резервуаров и сливов, но пол и потолок должны состоять только из камней или сливов. Для работы необходим один контроллер цистерны. Его можно установить на любом уровне, кроме потолка и углов. Потолок, кроме того, можно сделать и из полублоков.",
	  "paragraph": true
    }
  ]
}