{
  "title":"失われたページ",
  "text": [
    {
      "text": "素材とあなたの第2版へようこそ：最初の日を超えて生き残ろう。残念ながら、いくつかのページは失われたようです！"
    },
    {
      "text": "この本は現在不完全ですが、全ての道具の素材と改造に関する情報は含まれています。アップデートにより情報量が増えていきますので、時々確認してください！",
      "paragraph": true
    },
    {
      "text": "おや、もしあなたが銅、アルミニウムはどこにいったのかと疑問に思っているのなら、...なくなりました。TConstructはコバルトとアーダイト鉱石だけをネザーに追加し、それ以外の一般的な鉱石は生成しません。しかし、鉱石を追加するmodを使えばそれらの金属を自動的にサポートします。",
      "paragraph": true
    }
  ]
}