{
  "tool": "bolt",
  "text": [
    {
      "text": "The Bolt is a heavy, armor penetrating projectile. Once loaded into a crossbow, they deal high amounts of damage while also penetrating half of the targets armor."
    },
    {
      "text": "\n"
    },
    {
      "text": "Damage dealt depends on the crossbow as well as the bolts themselves. The Bolt Crafting page explains how to craft the parts."
    }
  ],
  "properties": [
    "Ammo for Crossbows",
    "50% Armor Penetration",
    "Can be picked back up",
    "One stack contains many shots"
  ]
}